id,title,score,num_comments,author,created_utc,url,over_18,edited,spoiler,stickied
1cmsepu,I made an Indeed Job Scraper that stores data in a SQL database using Selenium and Python,84,28,TheGrapez,2024-05-08 01:24:08,https://v.redd.it/nv8qyisau3zc1,False,False,False,False
1cmmuux,Best way to learn Apache Spark in 2024,72,17,Vegetable-Common1772,2024-05-07 21:12:18,https://www.reddit.com/r/dataengineering/comments/1cmmuux/best_way_to_learn_apache_spark_in_2024/,False,False,False,False
1cmvfuc,Kafka storage architecture evolution in one image,59,16,wanshao,2024-05-08 03:59:49,https://i.redd.it/mu3uri1zl4zc1.gif,False,False,False,False
1cmj2ea,Data engineering salary vs complexity,52,45,Deep-Shape-323,2024-05-07 18:35:45,https://www.reddit.com/r/dataengineering/comments/1cmj2ea/data_engineering_salary_vs_complexity/,False,False,False,False
1cmphmp,How easy is it for you to onboard new paid tools at your company?,13,26,ruckrawjers,2024-05-07 23:02:01,https://www.reddit.com/r/dataengineering/comments/1cmphmp/how_easy_is_it_for_you_to_onboard_new_paid_tools/,False,False,False,False
1cn4hem,What is Declarative Computing?,7,0,sync_jeff,2024-05-08 13:24:24,https://medium.com/@synccomputing/what-is-declarative-computing-bd7bbb8d95e2,False,False,False,False
1cn10zg,give me insight of Data vault 2.0,6,7,PrimaryConsistent262,2024-05-08 10:14:19,https://www.reddit.com/r/dataengineering/comments/1cn10zg/give_me_insight_of_data_vault_20/,False,False,False,False
1cna2mv,Understanding Data Pipelines: Why The Heck Businesses Need Them,10,3,ivanovyordan,2024-05-08 17:20:30,https://open.substack.com/pub/datagibberish/p/data-pipelines-101?r=odlo3&utm_campaign=post&utm_medium=reddit&utm_ref=dataengineering&showWelcomeOnShare=true,False,False,False,False
1cn65hv,I'm building a tool that automatically writes DBT staging codes using LLMs,4,1,Willing-Site-8137,2024-05-08 14:38:37,https://v.redd.it/deejhwq1s7zc1,False,False,False,False
1cn3hc3,Data Teams Survey 2024,5,1,eljefe6a,2024-05-08 12:35:21,https://www.reddit.com/r/dataengineering/comments/1cn3hc3/data_teams_survey_2024/,False,False,False,False
1cn0kgu,Best practices for pre-aggregation,5,4,Disastrous_Classic96,2024-05-08 09:43:13,https://www.reddit.com/r/dataengineering/comments/1cn0kgu/best_practices_for_preaggregation/,False,False,False,False
1cmy8kv,Best practice for comparing timestamps (string comparison vs datetime comparison),7,5,Live-Entertainment70,2024-05-08 06:54:30,https://www.reddit.com/r/dataengineering/comments/1cmy8kv/best_practice_for_comparing_timestamps_string/,False,False,False,False
1cmy4o4,Make IO Consistent from Object Store,5,1,AggravatingParsnip89,2024-05-08 06:47:02,https://www.reddit.com/r/dataengineering/comments/1cmy4o4/make_io_consistent_from_object_store/,False,False,False,False
1cmxzvv,How to Delete Data in an Iceberg Table Without Losing Time Travel Capability ,5,0,Particular_Scar2211,2024-05-08 06:38:14,https://www.reddit.com/r/dataengineering/comments/1cmxzvv/how_to_delete_data_in_an_iceberg_table_without/,False,False,False,False
1cn5as7,Streamlining Data Flow: Building Cloud-Based Data Pipelines - Data Engineering Process Fundamentals - Presentation,4,0,Ozkary,2024-05-08 14:01:38,https://www.reddit.com/r/dataengineering/comments/1cn5as7/streamlining_data_flow_building_cloudbased_data/,False,False,False,False
1cn54yi,Is it a bad practice to write Airflow Tasks outside our Dags file?,5,2,aspecialuse,2024-05-08 13:54:43,https://www.reddit.com/r/dataengineering/comments/1cn54yi/is_it_a_bad_practice_to_write_airflow_tasks/,False,False,False,False
1cmznxi,data warehouse architecture,5,4,Ok_War_9819,2024-05-08 08:36:51,https://www.reddit.com/r/dataengineering/comments/1cmznxi/data_warehouse_architecture/,False,False,False,False
1cn56v2,Unlocking Insights: Data Analysis and Visualization - Data Engineering Process Fundamentals ,3,1,Ozkary,2024-05-08 13:57:06,https://www.reddit.com/r/dataengineering/comments/1cn56v2/unlocking_insights_data_analysis_and/,False,False,False,False
1cn4iao,Database schema reader that produces ERD,3,4,OreosAreAiight,2024-05-08 13:25:32,https://www.reddit.com/r/dataengineering/comments/1cn4iao/database_schema_reader_that_produces_erd/,False,False,False,False
1cmwdju,Surrogate keys in fact tables using scd2,4,12,svala21,2024-05-08 04:53:24,https://www.reddit.com/r/dataengineering/comments/1cmwdju/surrogate_keys_in_fact_tables_using_scd2/,False,False,False,False
1cmuw3v,User interface for warehouse data entry and editing?,3,6,reelznfeelz,2024-05-08 03:29:26,https://www.reddit.com/r/dataengineering/comments/1cmuw3v/user_interface_for_warehouse_data_entry_and/,False,False,False,False
1cmotd1,Not sure how to move my data from bronze to silver and/or gold.,3,0,TheDataPanda,2024-05-07 22:33:08,https://www.reddit.com/r/dataengineering/comments/1cmotd1/not_sure_how_to_move_my_data_from_bronze_to/,False,False,False,False
1cmmi3s,Does your DE team offer APIs? For what use-cases?,3,10,exact-approximate,2024-05-07 20:58:00,https://www.reddit.com/r/dataengineering/comments/1cmmi3s/does_your_de_team_offer_apis_for_what_usecases/,False,False,False,False
1cmlrq7,Product vs. Pipeline ,3,2,nydasco,2024-05-07 20:27:48,https://www.reddit.com/r/dataengineering/comments/1cmlrq7/product_vs_pipeline/,False,False,False,False
1cmksez,Best way to build on-premises Data Stack,3,1,EconomySuch7621,2024-05-07 19:47:56,https://www.reddit.com/r/dataengineering/comments/1cmksez/best_way_to_build_onpremises_data_stack/,False,False,False,False
1cnaht5,Need advice to improve hands-on pyspark skills,3,1,deadprisoner,2024-05-08 17:38:26,https://www.reddit.com/r/dataengineering/comments/1cnaht5/need_advice_to_improve_handson_pyspark_skills/,False,False,False,False
1cn53dl,Company New Data Ingestion Architecture,2,0,JalsPT,2024-05-08 13:52:43,https://www.reddit.com/r/dataengineering/comments/1cn53dl/company_new_data_ingestion_architecture/,False,False,False,False
1cn3nhi,Completing AWS Certified Data Engineer - Associate as a Begginer,2,2,Low-Veterinarian-859,2024-05-08 12:43:40,https://www.reddit.com/r/dataengineering/comments/1cn3nhi/completing_aws_certified_data_engineer_associate/,False,False,False,False
1cn0u9k,Data engineering hackathon,1,3,RCdeWit,2024-05-08 10:01:58,https://www.reddit.com/r/dataengineering/comments/1cn0u9k/data_engineering_hackathon/,False,False,False,False
1cmx6am,Databricks + SQL MI vs Azure Data Lake Storage,2,2,aljandeleon,2024-05-08 05:43:30,https://www.reddit.com/r/dataengineering/comments/1cmx6am/databricks_sql_mi_vs_azure_data_lake_storage/,False,False,False,False
1cmw7qf,How have you incorporated portfolio projects in your resumes?,2,3,superduperkylee,2024-05-08 04:43:44,https://www.reddit.com/r/dataengineering/comments/1cmw7qf/how_have_you_incorporated_portfolio_projects_in/,False,False,False,False
1cmv1wl,Data - AI pipelines: Choice of Data Transfer for heavy data,2,0,nicolay-ai,2024-05-08 03:38:13,https://www.reddit.com/r/dataengineering/comments/1cmv1wl/data_ai_pipelines_choice_of_data_transfer_for/,False,False,False,False
1cmkwfk,Admin Rights for Developers: Finding the Balance in a Locked-Down Environment,2,5,Ashamed_Cantaloupe_9,2024-05-07 19:52:34,https://www.reddit.com/r/dataengineering/comments/1cmkwfk/admin_rights_for_developers_finding_the_balance/,False,False,False,False
1cn83t0,Simple row-level transformations in Postgres Change Data Capture (CDC),1,0,saipeerdb,2024-05-08 15:58:43,https://www.reddit.com/r/dataengineering/comments/1cn83t0/simple_rowlevel_transformations_in_postgres/,False,False,False,False
1cn5gc2,Inventions in data engineering,1,8,Jealous-Bat-7812,2024-05-08 14:08:18,https://www.reddit.com/r/dataengineering/comments/1cn5gc2/inventions_in_data_engineering/,False,False,False,False
1cmul8q,Field mapping on Amazon AppFlow for Google Search Console,1,0,Snoo_74471,2024-05-08 03:13:34,https://www.reddit.com/r/dataengineering/comments/1cmul8q/field_mapping_on_amazon_appflow_for_google_search/,False,False,False,False
1cn5p8s,Exploring Azure Cosmos DB: A Guide to Scalable NoSQL Database Solutions,0,0,EdgarHuber,2024-05-08 14:19:12,https://www.reddit.com/r/dataengineering/comments/1cn5p8s/exploring_azure_cosmos_db_a_guide_to_scalable/,False,False,False,False
1cmiqzb,Transitioning to a Data Engineering Role: Seeking Projects and Freelance Opportunities to Expand My Skills,0,4,ElegantBeautiful6189,2024-05-07 18:22:47,https://www.reddit.com/r/dataengineering/comments/1cmiqzb/transitioning_to_a_data_engineering_role_seeking/,False,False,False,False
1cmmwp6,Breaking into DE in UK,0,4,Mistopto,2024-05-07 21:14:23,https://www.reddit.com/r/dataengineering/comments/1cmmwp6/breaking_into_de_in_uk/,False,False,False,False
1cn8tw7,Is AI becoming a real thread? Your backup plans,0,4,HappyEnvironment8225,2024-05-08 16:28:12,https://www.reddit.com/r/dataengineering/comments/1cn8tw7/is_ai_becoming_a_real_thread_your_backup_plans/,False,False,False,False
1cmothx,No entry level data engineer positions,0,7,wsb_degen_number9999,2024-05-07 22:33:17,https://www.reddit.com/r/dataengineering/comments/1cmothx/no_entry_level_data_engineer_positions/,False,False,False,False
